{"IcoMoonType":"selection","icons":[{"icon":{"paths":["M877.2 210.8c25 25 25 65.4 0 90.4l-512 512c-25 25-65.4 25-90.4 0l-256.056-256c-24.992-25-24.992-65.4 0-90.4 24.996-25 65.516-25 90.516 0l208.94 210.6 468.6-466.6c25-25.040 65.4-25.040 90.4 0v0z"],"attrs":[{}],"width":896,"isMulticolor":false,"isMulticolor2":false,"grid":0,"tags":["check-solid"]},"attrs":[{}],"properties":{"order":8,"id":0,"name":"check","prevSize":32,"code":59651},"setIdx":0,"setId":1,"iconIdx":0},{"icon":{"paths":["M3757.261 557.254c24.986-24.993 24.986-65.516 0-90.509l-407.296-407.294c-24.998-24.994-65.523-24.994-90.509 0-24.998 24.994-24.998 65.516 0 90.509l362.035 362.039-362.035 362.039c-24.998 24.993-24.998 65.516 0 90.509 24.986 24.995 65.51 24.995 90.509 0l407.296-407.293zM0 576h3712v-128h-3712v128z"],"attrs":[{}],"width":3840,"isMulticolor":false,"isMulticolor2":false,"grid":0,"tags":["Arrow1"]},"attrs":[{}],"properties":{"order":7,"id":2,"name":"Arrow1","prevSize":32,"code":59648},"setIdx":1,"setId":0,"iconIdx":0},{"icon":{"paths":["M21996.715 512.002l-492.715-492.672-492.715 492.672 492.715 492.672 492.715-492.672zM-0 597.333l21504 0.002v-170.667l-21504-0.002-0 170.667z"],"attrs":[{}],"width":22016,"isMulticolor":false,"isMulticolor2":false,"grid":0,"tags":["Arrow2"]},"attrs":[{}],"properties":{"order":6,"id":1,"name":"Arrow2","prevSize":32,"code":59649},"setIdx":1,"setId":0,"iconIdx":1},{"icon":{"paths":["M685.855 524.797l448.881 396.072-91.081 80.37-463.387-408.869-463.385 408.869-91.087-80.37 463.385-408.87-463.385-408.869 91.087-80.371 463.385 408.869 463.387-408.869 91.081 80.371-463.382 408.869 14.501 12.797z"],"attrs":[{"strokeLinejoin":"miter","strokeLinecap":"butt","strokeMiterlimit":"4","strokeWidth":34.13333333333333}],"width":1161,"isMulticolor":false,"isMulticolor2":false,"grid":0,"tags":["cross"],"colorPermutations":{}},"attrs":[{"strokeLinejoin":"miter","strokeLinecap":"butt","strokeMiterlimit":"4","strokeWidth":34.13333333333333}],"properties":{"order":5,"id":0,"name":"cross","prevSize":32,"code":59650},"setIdx":1,"setId":0,"iconIdx":2}],"height":1024,"metadata":{"name":"icomoon"},"preferences":{"showGlyphs":true,"showQuickUse":true,"showQuickUse2":true,"showSVGs":true,"fontPref":{"prefix":"icon-","metadata":{"fontFamily":"icomoon"},"metrics":{"emSize":1024,"baseline":6.25,"whitespace":50},"embed":false},"imagePref":{"prefix":"icon-","png":true,"useClassSelector":true,"color":0,"bgColor":16777215,"classSelector":".icon"},"historySize":50,"showCodes":true,"gridSize":16}}